{"_type":"export","__export_format":4,"__export_date":"2024-11-01T16:18:14.920Z","__export_source":"insomnia.desktop.app:v10.1.0","resources":[{"_id":"req_aba948dbbeb5481b89ea3826787fbaf1","parentId":"wrk_4fcfdd494805418695214dcc59360522","modified":1730475827103,"created":1730472534009,"url":"http://localhost:3000/telefone","name":"Telefone","description":"","method":"GET","body":{},"parameters":[],"headers":[{"name":"User-Agent","value":"insomnia/10.1.0"}],"authentication":{},"metaSortKey":-1730472578687,"isPrivate":false,"pathParameters":[],"settingStoreCookies":true,"settingSendCookies":true,"settingDisableRenderRequestBody":false,"settingEncodeUrl":true,"settingRebuildPath":true,"settingFollowRedirects":"global","_type":"request"},{"_id":"wrk_4fcfdd494805418695214dcc59360522","parentId":null,"modified":1730467718540,"created":1730467718540,"name":"StockCar API","description":"","scope":"collection","_type":"workspace"},{"_id":"req_5c50bdcb5ae24626808c108e065acf15","parentId":"wrk_4fcfdd494805418695214dcc59360522","modified":1730475389034,"created":1730472578587,"url":"http://localhost:3000/telefone","name":"Telefone","description":"","method":"POST","body":{"mimeType":"application/json","text":"{\n\t\"cliente_id\":1,\n\t\"numero\":\"193847383\",\n\t\"tipo\":\"Celular\"\n\t\n}\n"},"parameters":[],"headers":[{"name":"Content-Type","value":"application/json"},{"name":"User-Agent","value":"insomnia/10.1.0"}],"authentication":{},"metaSortKey":-1730472578587,"isPrivate":false,"pathParameters":[],"settingStoreCookies":true,"settingSendCookies":true,"settingDisableRenderRequestBody":false,"settingEncodeUrl":true,"settingRebuildPath":true,"settingFollowRedirects":"global","_type":"request"},{"_id":"req_c5222b420b2f4ffca3b4a6931bacec3d","parentId":"wrk_4fcfdd494805418695214dcc59360522","modified":1730476053559,"created":1730475426995,"url":"http://localhost:3000/telefone/1","name":"Telefone 2","description":"","method":"PUT","body":{"mimeType":"application/json","text":"{\n\t\"cliente_id\":1,\n\t\"numero\":\"193847386\",\n\t\"tipo\":\"Celular\"\n}\n"},"parameters":[],"headers":[{"name":"Content-Type","value":"application/json"},{"name":"User-Agent","value":"insomnia/10.1.0"}],"authentication":{},"metaSortKey":-1730472556298,"isPrivate":false,"pathParameters":[],"settingStoreCookies":true,"settingSendCookies":true,"settingDisableRenderRequestBody":false,"settingEncodeUrl":true,"settingRebuildPath":true,"settingFollowRedirects":"global","_type":"request"},{"_id":"req_0261664569f5468096cfff4733653b23","parentId":"wrk_4fcfdd494805418695214dcc59360522","modified":1730476063370,"created":1730475452161,"url":"http://localhost:3000/telefone/1","name":"Telefone 2","description":"","method":"DELETE","body":{},"parameters":[],"headers":[{"name":"User-Agent","value":"insomnia/10.1.0"}],"authentication":{},"metaSortKey":-1730471968096,"isPrivate":false,"pathParameters":[],"settingStoreCookies":true,"settingSendCookies":true,"settingDisableRenderRequestBody":false,"settingEncodeUrl":true,"settingRebuildPath":true,"settingFollowRedirects":"global","_type":"request"},{"_id":"req_8685e8f0743b4a1b9a89e2f45568c928","parentId":"wrk_4fcfdd494805418695214dcc59360522","modified":1730475836578,"created":1730471368845,"url":"http://localhost:3000/carros","name":"Carros","description":"","method":"GET","body":{},"parameters":[],"headers":[{"name":"User-Agent","value":"insomnia/10.1.0"}],"authentication":{},"metaSortKey":-1730471685139.5,"isPrivate":false,"pathParameters":[],"settingStoreCookies":true,"settingSendCookies":true,"settingDisableRenderRequestBody":false,"settingEncodeUrl":true,"settingRebuildPath":true,"settingFollowRedirects":"global","_type":"request"},{"_id":"req_55260ff006c84f32892852488968877e","parentId":"wrk_4fcfdd494805418695214dcc59360522","modified":1730471864393,"created":1730471402183,"url":"http://localhost:3000/carros","name":"Carros","description":"","method":"POST","body":{"mimeType":"application/json","text":"{\n \"marca_veiculo\":\"toyota\",\n\t\"modelo_veiculo\":\"fiat\",\n\t\"ano_veiculo\":\"2008-11-11\",\n\t\"fabricacao\":\"2024-11-11\",\n\t\"cliente_id\":1\n}\n"},"parameters":[],"headers":[{"name":"Content-Type","value":"application/json"},{"name":"User-Agent","value":"insomnia/10.1.0"}],"authentication":{},"metaSortKey":-1730471402183,"isPrivate":false,"pathParameters":[],"settingStoreCookies":true,"settingSendCookies":true,"settingDisableRenderRequestBody":false,"settingEncodeUrl":true,"settingRebuildPath":true,"settingFollowRedirects":"global","_type":"request"},{"_id":"req_b0b28ff1b77a416c900f82374af0666e","parentId":"wrk_4fcfdd494805418695214dcc59360522","modified":1730476024404,"created":1730475459617,"url":"http://localhost:3000/carros/1","name":"Carros 2","description":"","method":"PUT","body":{"mimeType":"application/json","text":"{\n \"marca_veiculo\":\"toyota\",\n\t\"modelo_veiculo\":\"fiat\",\n\t\"ano_veiculo\":\"2008-02-11\",\n\t\"fabricacao\":\"2024-02-11\",\n\t\"cliente_id\":1\n}\n"},"parameters":[],"headers":[{"name":"Content-Type","value":"application/json"},{"name":"User-Agent","value":"insomnia/10.1.0"}],"authentication":{},"metaSortKey":-1730471385514,"isPrivate":false,"pathParameters":[],"settingStoreCookies":true,"settingSendCookies":true,"settingDisableRenderRequestBody":false,"settingEncodeUrl":true,"settingRebuildPath":true,"settingFollowRedirects":"global","_type":"request"},{"_id":"req_97b6303978db4940802fb67e41e8895e","parentId":"wrk_4fcfdd494805418695214dcc59360522","modified":1730475976772,"created":1730475465233,"url":"http://localhost:3000/carros/1","name":"Carros 2","description":"","method":"DELETE","body":{},"parameters":[],"headers":[{"name":"User-Agent","value":"insomnia/10.1.0"}],"authentication":{},"metaSortKey":-1730471029774,"isPrivate":false,"pathParameters":[],"settingStoreCookies":true,"settingSendCookies":true,"settingDisableRenderRequestBody":false,"settingEncodeUrl":true,"settingRebuildPath":true,"settingFollowRedirects":"global","_type":"request"},{"_id":"req_70125f6b7058476e93df616ac56cdf42","parentId":"wrk_4fcfdd494805418695214dcc59360522","modified":1730475855246,"created":1730470690703,"url":"http://localhost:3000/clientes","name":"Clientes","description":"","method":"GET","body":{},"parameters":[],"headers":[{"name":"User-Agent","value":"insomnia/10.1.0"}],"authentication":{},"metaSortKey":-1730470690703,"isPrivate":false,"pathParameters":[],"settingStoreCookies":true,"settingSendCookies":true,"settingDisableRenderRequestBody":false,"settingEncodeUrl":true,"settingRebuildPath":true,"settingFollowRedirects":"global","_type":"request"},{"_id":"req_980827f9ca344b8a9885ea0fe6ec48b0","parentId":"wrk_4fcfdd494805418695214dcc59360522","modified":1730475871976,"created":1730475481480,"url":"http://localhost:3000/clientes","name":"Clientes 2","description":"","method":"POST","body":{"mimeType":"application/json","text":"{\n\t\"nome\":\"Eloa\",\n\t\"cpf\":\"000.000.000.00\",\n\t\"email\":\"eloapf@gmail.com\",\n\t\"endereco\":\"rua amor N 100\",\n\t\"data_nascimento\":\"2008-06-17\",\n\t\"data_cadastro\":\"2024-11-01\"\n}"},"parameters":[],"headers":[{"name":"Content-Type","value":"application/json"},{"name":"User-Agent","value":"insomnia/10.1.0"}],"authentication":{},"metaSortKey":-1730470355124.5,"isPrivate":false,"pathParameters":[],"settingStoreCookies":true,"settingSendCookies":true,"settingDisableRenderRequestBody":false,"settingEncodeUrl":true,"settingRebuildPath":true,"settingFollowRedirects":"global","_type":"request"},{"_id":"req_ba12578cf2cc42c4b44712b42ffccca9","parentId":"wrk_4fcfdd494805418695214dcc59360522","modified":1730475939244,"created":1730475472492,"url":"http://localhost:3000/clientes/{% now 'iso-8601', '' %}","name":"Clientes 2","description":"","method":"PUT","body":{"mimeType":"application/json","text":"{\n\t\"nome\":\"Eloa\",\n\t\"cpf\":\"000.000.000.00\",\n\t\"email\":\"eloaflores@gmail.com\",\n\t\"endereco\":\"rua amor N 100\",\n\t\"data_nascimento\":\"2008-06-17\",\n\t\"data_cadastro\":\"2024-11-01\"\n}"},"parameters":[],"headers":[{"name":"Content-Type","value":"application/json"},{"name":"User-Agent","value":"insomnia/10.1.0"}],"authentication":{},"metaSortKey":-1730470019546,"isPrivate":false,"pathParameters":[],"settingStoreCookies":true,"settingSendCookies":true,"settingDisableRenderRequestBody":false,"settingEncodeUrl":true,"settingRebuildPath":true,"settingFollowRedirects":"global","_type":"request"},{"_id":"req_a30ae47783464f2abf69e9fc1e5b3625","parentId":"wrk_4fcfdd494805418695214dcc59360522","modified":1730475956520,"created":1730470882263,"url":"http://localhost:3000/clientes/1","name":"Clientes","description":"","method":"DELETE","body":{"mimeType":"application/json","text":"{\n\t\"nome\":\"Eloa\",\n\t\"cpf\":\"000.000.000.00\",\n\t\"email\":\"eloapf@gmail.com\",\n\t\"endereco\":\"rua amor N 100\",\n\t\"data_nascimento\":\"2008-06-17\",\n\t\"data_cadastro\":\"2024-11-01\"\n}"},"parameters":[],"headers":[{"name":"Content-Type","value":"application/json"},{"name":"User-Agent","value":"insomnia/10.1.0"}],"authentication":{},"metaSortKey":-1730469348389,"isPrivate":false,"pathParameters":[],"settingStoreCookies":true,"settingSendCookies":true,"settingDisableRenderRequestBody":false,"settingEncodeUrl":true,"settingRebuildPath":true,"settingFollowRedirects":"global","_type":"request"},{"_id":"env_3712a0ecd5c6ea9c9832e9dab400aebd8829dca3","parentId":"wrk_4fcfdd494805418695214dcc59360522","modified":1730467718542,"created":1730467718542,"name":"Base Environment","data":{},"dataPropertyOrder":null,"color":null,"isPrivate":false,"metaSortKey":1730467718542,"_type":"environment"},{"_id":"jar_3712a0ecd5c6ea9c9832e9dab400aebd8829dca3","parentId":"wrk_4fcfdd494805418695214dcc59360522","modified":1730467718544,"created":1730467718544,"name":"Default Jar","cookies":[],"_type":"cookie_jar"}]}